{"cameraMode":{"drawMode":0,"name":"Shaded","section":"Shading Mode"},"sceneLighting":false,"audioPlay":false,"sceneViewState":{"showFog":true,"showMaterialUpdate":false,"showSkybox":false,"showFlares":true,"showImageEffects":true,"showParticleSystems":true,"showVisualEffectGraphs":true,"m_FxEnabled":true},"in2DMode":false,"pivot":{"x":-0.000009872019290924072,"y":0.41248422861099245,"z":8.121132850646973e-7},"rotation":{"x":-0.1291757971048355,"y":0.8458631634712219,"z":-0.23311245441436768,"w":-0.46246635913848879},"size":0.5223342776298523,"orthographic":false}