{"cameraMode":{"drawMode":0,"name":"Shaded","section":"Shading Mode"},"sceneLighting":false,"audioPlay":false,"sceneViewState":{"showFog":true,"showMaterialUpdate":false,"showSkybox":false,"showFlares":true,"showImageEffects":true,"showParticleSystems":true,"showVisualEffectGraphs":true,"m_FxEnabled":true},"in2DMode":false,"pivot":{"x":0.8537871241569519,"y":0.5847505331039429,"z":0.2505238652229309},"rotation":{"x":-0.16766507923603059,"y":0.7322883605957031,"z":-0.19202683866024018,"w":-0.6317877769470215},"size":0.15148381888866425,"orthographic":false}