{"cameraMode":{"drawMode":0,"name":"Shaded","section":"Shading Mode"},"sceneLighting":true,"audioPlay":false,"sceneViewState":{"showFog":true,"showMaterialUpdate":false,"showSkybox":true,"showFlares":true,"showImageEffects":true,"showParticleSystems":true,"showVisualEffectGraphs":true,"m_FxEnabled":true},"in2DMode":false,"pivot":{"x":-60.81718444824219,"y":3.3055176734924318,"z":2.4118447303771974},"rotation":{"x":-0.007132787257432938,"y":-0.9242478013038635,"z":0.38443976640701296,"w":-0.015461120754480362},"size":0.9288398623466492,"orthographic":false}