{"cameraMode":{"drawMode":0,"name":"Shaded","section":"Shading Mode"},"sceneLighting":false,"audioPlay":false,"sceneViewState":{"showFog":true,"showMaterialUpdate":false,"showSkybox":false,"showFlares":true,"showImageEffects":true,"showParticleSystems":true,"showVisualEffectGraphs":true,"m_FxEnabled":true},"in2DMode":false,"pivot":{"x":-0.7435072660446167,"y":0.5435880422592163,"z":0.7043335437774658},"rotation":{"x":-0.014065706171095372,"y":0.9821031093597412,"z":-0.17527185380458833,"w":-0.07031361758708954},"size":0.5161914229393005,"orthographic":false}